longName,symbol,sentiment,industry,address1,address2,city,zip,twitter_nr_positive_posts,twitter_nr_negative_posts,twitter_nr_neutral_posts,yfinance_positive_news,yfinance_negative_news,yfinance_neutral_news,reddit_nr_positive_posts,reddit_nr_negative_posts,reddit_nr_neutral_posts,country,phone,fax,website,industryKey,industryDisp,sector,sectorKey,sectorDisp,longBusinessSummary,fullTimeEmployees,companyOfficers,compensationAsOfEpochDate,maxAge,priceHint,previousClose,open,dayLow,dayHigh,regularMarketPreviousClose,regularMarketOpen,regularMarketDayLow,regularMarketDayHigh,dividendRate,dividendYield,exDividendDate,payoutRatio,fiveYearAvgDividendYield,beta,trailingPE,forwardPE,volume,regularMarketVolume,averageVolume,averageVolume10days,averageDailyVolume10Day,bid,ask,marketCap,fiftyTwoWeekLow,fiftyTwoWeekHigh,priceToSalesTrailing12Months,fiftyDayAverage,twoHundredDayAverage,trailingAnnualDividendRate,trailingAnnualDividendYield,currency,enterpriseValue,profitMargins,floatShares,sharesOutstanding,heldPercentInsiders,heldPercentInstitutions,impliedSharesOutstanding,bookValue,priceToBook,lastFiscalYearEnd,nextFiscalYearEnd,mostRecentQuarter,earningsQuarterlyGrowth,netIncomeToCommon,trailingEps,forwardEps,enterpriseToRevenue,enterpriseToEbitda,52WeekChange,SandP52WeekChange,lastDividendValue,lastDividendDate,exchange,quoteType,underlyingSymbol,shortName,firstTradeDateEpochUtc,timeZoneFullName,timeZoneShortName,uuid,messageBoardId,gmtOffSetMilliseconds,currentPrice,targetHighPrice,targetLowPrice,targetMeanPrice,targetMedianPrice,recommendationMean,recommendationKey,numberOfAnalystOpinions,totalCash,totalCashPerShare,ebitda,totalDebt,quickRatio,currentRatio,totalRevenue,debtToEquity,revenuePerShare,returnOnAssets,returnOnEquity,freeCashflow,operatingCashflow,earningsGrowth,revenueGrowth,grossMargins,ebitdaMargins,operatingMargins,financialCurrency,trailingPegRatio,irWebsite,pegRatio,lastSplitFactor,lastSplitDate,auditRisk,boardRisk,compensationRisk,shareHolderRightsRisk,overallRisk,governanceEpochDate,bidSize,askSize,state,sharesShort,sharesShortPriorMonth,sharesShortPreviousMonthDate,dateShortInterest,sharesPercentSharesOut,shortRatio,shortPercentOfFloat,ticker,twitter_nr_positive_posts,twitter_nr_negative_posts,twitter_nr_neutral_posts,yfinance_positive_news,yfinance_negative_news,yfinance_neutral_news,reddit_nr_positive_posts,reddit_nr_negative_posts,reddit_nr_neutral_posts
OMV Petrom S.A.,SNP.RO,0.0,Oil & Gas Integrated,Petrom City,22 Coralilor Street District 1,Bucharest,013329,48,8,39,55,7,31,55,10,46,Romania,40 37 216 1930,40 37 286 8518,https://www.omvpetrom.com,oil-gas-integrated,Oil & Gas Integrated,Energy,energy,Energy,"OMV Petrom S.A., an energy company, engages in the exploration and production of oil and gas in Southeastern Europe. The company operates through Exploration and Production; Refining and Marketing; and Gas and Power segments. The Exploration and Production segment produces crude oil and natural gas in Romania; and engages in exploration and production of onshore and offshore oil and gas. The Refining and Marketing segment operates Petrobrazi refinery, which produces and delivers gasoline, diesel, and other petroleum products; and provides refining and marketing refined of non-fuel products. The Gas and Power segment engages in sale of gas, and operates gas fired power plant. In addition, it operates filling stations under Petrom and OMV brands, and offers fleet cards including OMV and Petrom cards; En-gross fuels and additives, and specialty products including bitumen, heating oil, liquid thermal fuel, and other LPG products. The company was founded in 1857 and is headquartered in Bucharest, Romania. OMV Petrom S.A. operates as a subsidiary of OMV Aktiengesellschaft.",8159,"[{'maxAge': 1, 'name': 'Ms. Christina  Verchere', 'age': 52, 'title': 'CEO & President of Executive Board', 'yearBorn': 1971, 'fiscalYear': 2023, 'totalPay': 1491604, 'exercisedValue': 0, 'unexercisedValue': 0}, {'maxAge': 1, 'name': 'Ms. Alina-Gabriela  Popa', 'age': 46, 'title': 'CFO & Member of Executive Board', 'yearBorn': 1977, 'fiscalYear': 2023, 'totalPay': 607704, 'exercisedValue': 0, 'unexercisedValue': 0}, {'maxAge': 1, 'name': 'Mr. Franck Albert Neel', 'age': 53, 'title': 'Member of Executive Board', 'yearBorn': 1970, 'fiscalYear': 2023, 'totalPay': 643767, 'exercisedValue': 0, 'unexercisedValue': 0}, {'maxAge': 1, 'name': 'Mr. Radu-Sorin  Caprau', 'age': 49, 'title': 'Member of Executive Board', 'yearBorn': 1974, 'fiscalYear': 2023, 'totalPay': 586239, 'exercisedValue': 0, 'unexercisedValue': 0}, {'maxAge': 1, 'name': 'Mr. Cristian  Hubati', 'age': 52, 'title': 'Member of Executive Board', 'yearBorn': 1971, 'fiscalYear': 2023, 'totalPay': 374490, 'exercisedValue': 0, 'unexercisedValue': 0}, {'maxAge': 1, 'name': 'Simona  Crutu', 'title': 'Investor Relations & Stakeholder Engagement Department Manager', 'fiscalYear': 2023, 'exercisedValue': 0, 'unexercisedValue': 0}, {'maxAge': 1, 'name': 'Nicoleta-Mihaela  Drumea', 'title': 'Head of Financial Reporting', 'fiscalYear': 2023, 'exercisedValue': 0, 'unexercisedValue': 0}, {'maxAge': 1, 'name': 'Ms. Oana  Bucur', 'title': 'Head of Strategic Finance Projects & Investor Relations', 'fiscalYear': 2023, 'exercisedValue': 0, 'unexercisedValue': 0}]",1703980800.0,86400,4,0.7305,0.732,0.731,0.736,0.7305,0.732,0.731,0.736,0.04,0.056399997,1723161600.0,0.4758,7.09,0.554,8.133333,9.150001,16141293,16141293,8174101,7172468,7172468,0.7325,0.733,45612019712,0.541,0.799,1.2804445,0.72912,0.70649,0.041,0.056125943,RON,34303819776,0.15183,17509520901,62311501824,0.71855,0.026180001,62396801024,0.624,1.1730769,1703980800,1735603200,1727654400,-0.19,5408650240,0.09,0.08,0.963,3.636,0.3284936,0.35905516,0.03,1723161600.0,BVB,EQUITY,SNP.RO,OMV PETROM S.A.,999586800,Europe/Bucharest,EET,381df9e8-4852-3fef-9295-3d8f7a8c67a7,finmb_9794205,7200000,0.732,0.81,0.57,0.71,0.7,2.5,buy,9.0,12139689984,0.195,9435020288.0,830960000,1.708,2.336,35622019072,2.138,0.571,0.065749995,0.14093,-1259773696.0,8007510016,-0.191,-0.09,0.36113,0.26486,0.16582,RON,,,,,,,,,,,,,,,,,,,,,,,48,8,39,55,7,31,55,10,46
Banca Transilvania S.A.,TLV.RO,0.0,Banks - Regional,30-36 Calea Dorobantilor street,,Cluj-Napoca,400017,52,10,37,60,11,51,57,8,45,Romania,40 26 440 7150,40 26 430 1128,https://www.bancatransilvania.ro,banks-regional,Banks - Regional,Financial Services,financial-services,Financial Services,"Banca Transilvania S.A. provides various banking products and services. Its Large Corporate Clients segment offers transaction banking, treasury, trade finance, and retail products; and leasing, asset management, merger and acquisition consultancy, and capital market advisory services to legal and public entities and financial institutions. The company's Medium Corporate Customers segment provides lending, current, and treasury services; bonus, structured finance, and co-financing of EU funded projects; and bancassurance, merger and acquisition consultancy, asset management, and financial and operating leasing services. Its Small and Medium Enterprises Clients segment offers services to companies that have undergone the incipient growth stages and whose business activity requires further attention. The company's Micro Business Clients segment offers loans for working capital or investments, letters of guarantee, EU project co-financing, credit cards, leasing, invoice discounting, or factoring services, as well as general and FX services, incoming and outgoing payments, cheques, promissory notes, salary payment agreements, or bancassurance services. Its Retail Customers segment offers savings and deposit accounts; consumer, car purchase, personal need, and mortgage loans; and payment and securities trading services. The company's Treasury segment provides various treasury services. Its Leasing and Consumer Finance Granted by Non-Banking Financial Institutions segment offers lease facilities, consumer loans, and microfinance services. The company's Other segment provides asset management, brokerage, factoring, and real estate services. It operates offices in Cluj-Napoca; branches, agencies, work units, healthcare division units, and private banking agencies in Romania; branch in Italy; and regional office in Bucharest. The company was incorporated in 1993 and is headquartered in Cluj-Napoca, Romania.",12201,"[{'maxAge': 1, 'name': 'Mr. Omer  Tetik', 'age': 50, 'title': 'Chief Executive Officer', 'yearBorn': 1973, 'exercisedValue': 0, 'unexercisedValue': 0}, {'maxAge': 1, 'name': 'Mr. George Razvan Calinescu', 'age': 48, 'title': 'Deputy CEO & CFO', 'yearBorn': 1975, 'exercisedValue': 0, 'unexercisedValue': 0}, {'maxAge': 1, 'name': 'Mr. Leontin  Toderici', 'age': 53, 'title': 'Deputy CEO & COO', 'yearBorn': 1970, 'exercisedValue': 0, 'unexercisedValue': 0}, {'maxAge': 1, 'name': 'Mr. Andrzej  Dominiak', 'title': 'Deputy CEO & CTO', 'exercisedValue': 0, 'unexercisedValue': 0}, {'maxAge': 1, 'name': 'Ms. Diana  Mazurchievici', 'title': 'Deputy Director & Head of ESG and Investor Relations', 'exercisedValue': 0, 'unexercisedValue': 0}, {'maxAge': 1, 'name': 'Bogdan  Plesuvescu', 'title': 'Deputy CEO & Chief Legal Officer', 'exercisedValue': 0, 'unexercisedValue': 0}, {'maxAge': 1, 'name': 'Ms. Laura  Petrehus', 'title': 'Head of PR & Marketing Communication', 'exercisedValue': 0, 'unexercisedValue': 0}, {'maxAge': 1, 'name': 'Zoranca Nevenca Doca', 'age': 51, 'title': 'Executive Manager of Human Resources', 'yearBorn': 1972, 'exercisedValue': 0, 'unexercisedValue': 0}, {'maxAge': 1, 'name': 'Mr. Tiberiu  Moisa', 'age': 48, 'title': 'Deputy Chief Executive Officer of MidCorporate & SMEs', 'yearBorn': 1975, 'exercisedValue': 0, 'unexercisedValue': 0}, {'maxAge': 1, 'name': 'Ms. Ilas  Oana', 'title': 'Deputy Chief Executive Officer of Retail Banking', 'exercisedValue': 0, 'unexercisedValue': 0}]",,86400,2,28.4,28.35,28.25,28.45,28.4,28.35,28.25,28.45,1.09,0.0385,1718064000.0,0.6751,,0.757,9.218241,7.711171,210091,210091,286938,263485,263485,28.3,28.35,29788579840,19.685978,29.7,3.5932095,27.842,26.41768,,,RON,29120217088,0.41099998,313298361,1052600000,,0.25717,1052600000,14.425,1.9618716,1703980800,1735603200,1719705600,0.376,3407290880,3.07,3.67,3.513,,0.42997873,0.35905516,1.090655,1718064000.0,BVB,EQUITY,TLV.RO,BANCA TRANSILVANIA CLUJ NAPOCA,1198224000,Europe/Bucharest,EET,89e836ef-04fc-3699-b866-6711281097be,finmb_8080044,7200000,28.3,32.0,25.0,28.52,28.62,1.8,buy,8.0,10771183616,11.769,,13210500096,,,8290243072,,9.052,0.021440001,0.2601,,-18144575488,0.375,0.267,,,0.5224,RON,,http://www.bancatransilvania.ro/index2/311.html,-10.52,114.80253:100,1721260800.0,,,,,,,,,,,,,,,,,,52,10,37,60,11,51,57,8,45
Raiffeisen Bank International AG,RBI.VI,0.0,Banks - Regional,Am Stadtpark 9,,Vienna,1030,52,11,48,65,8,34,46,8,38,Austria,43 1 71 707 0,,https://www.rbinternational.com/de/home.html,banks-regional,Banks - Regional,Financial Services,financial-services,Financial Services,"Raiffeisen Bank International AG, together with its subsidiaries, offers banking services to corporate, private customers, and institutional customers. The company offers cash management, cross border accounts, electronic banking, payments solutions, sustainable and subsidized financing, leveraged and acquisition financing, project and structured financing, real estate financing, leasing, factoring, trade and export financing, investment banking, investing, hedging, and investor services to its institutional clients and corporate customers in agri food and beverage, automotive, construction and building materials, food and beverage, healthcare and pharmaceuticals, oil and gas, packaging, real estate, retail, technology, telecom, and utilities industries. It also provides retail and private banking services, including deposits, loans, wealth management, and advisory services to retail customers and small and medium-sized enterprises. In addition, the company offers clearing, reporting, settlement, guarantees, letters of credit, fund administration, acceptances, brokerage, asset management, and custody services; and investment banking services, including asset based finance, fund finance and alternatives investments, loan syndication, mergers and acquisitions advisory, and debt and equity capital markets services. It operates through a network of business outlets in Central, Southeastern, and Eastern Europe, as well as Austria, Czech Republic, Hungary, Poland, and Slovakia. Raiffeisen Bank International AG was founded in 1886 and is based in Vienna, Austria.",44535,"[{'maxAge': 1, 'name': 'Dr. Johann  Strobl', 'age': 64, 'title': 'Chairman of the Management Board & CEO', 'yearBorn': 1959, 'fiscalYear': 2022, 'totalPay': 2550000, 'exercisedValue': 0, 'unexercisedValue': 0}, {'maxAge': 1, 'name': 'Magistrate Andreas  Gschwenter', 'age': 54, 'title': 'COO, Chief Information Officer & Member of Management Board', 'yearBorn': 1969, 'fiscalYear': 2022, 'totalPay': 1895000, 'exercisedValue': 0, 'unexercisedValue': 0}, {'maxAge': 1, 'name': 'Dr. Hannes  Mosenbacher', 'age': 51, 'title': 'Chief Risk Officer & Member of Management Board', 'yearBorn': 1972, 'fiscalYear': 2022, 'totalPay': 1885000, 'exercisedValue': 0, 'unexercisedValue': 0}, {'maxAge': 1, 'name': 'Dr. Andrii Serhiyovych Stepanenko', 'age': 51, 'title': 'Member of Management Board & Retail Banking Executive', 'yearBorn': 1972, 'fiscalYear': 2022, 'totalPay': 2071000, 'exercisedValue': 0, 'unexercisedValue': 0}, {'maxAge': 1, 'name': 'Magistrate Lukasz Janusz Januszewski', 'age': 45, 'title': 'Member of Management Board & CIB Products & Solutions', 'yearBorn': 1978, 'fiscalYear': 2022, 'totalPay': 1986000, 'exercisedValue': 0, 'unexercisedValue': 0}, {'maxAge': 1, 'name': 'Ms. Sabine  Abfalter', 'title': 'Chief Financial Officer', 'fiscalYear': 2022, 'exercisedValue': 0, 'unexercisedValue': 0}, {'maxAge': 1, 'name': 'Magistrate Marie-Valerie  Brunner', 'age': 56, 'title': 'Member of the Management Board & CIB Customer Coverage', 'yearBorn': 1967, 'fiscalYear': 2022, 'exercisedValue': 0, 'unexercisedValue': 0}, {'maxAge': 1, 'name': 'Mr. Harald  Schönauer', 'age': 47, 'title': 'Head of Investment Banking', 'yearBorn': 1976, 'fiscalYear': 2022, 'exercisedValue': 0, 'unexercisedValue': 0}, {'maxAge': 1, 'name': 'Dr. Helmut  Breit', 'age': 66, 'title': 'Head of Corporate Finance', 'yearBorn': 1957, 'fiscalYear': 2022, 'exercisedValue': 0, 'unexercisedValue': 0}, {'maxAge': 1, 'name': 'Mr. Peter  Schmutzer', 'title': 'Head of Group Compliance', 'fiscalYear': 2022, 'exercisedValue': 0, 'unexercisedValue': 0}]",1672444800.0,86400,2,18.74,18.8,18.16,18.86,18.74,18.8,18.16,18.86,1.25,0.0679,1712620800.0,0.2996,4.07,1.376,2.6929824,7.0574718,419190,419190,252303,497720,497720,20.36,16.93,6049993728,14.95,20.5,0.7050453,17.7224,17.7817,1.25,0.06670224,EUR,-4117002240,0.27444,127201038,328447008,0.61,0.10243,328447008,60.433,0.30480036,1703980800,1735603200,1727654400,-0.137,2246000128,6.84,2.61,-0.48,,0.1937784,0.35905516,1.25,1712620800.0,VIE,EQUITY,RBI.VI,Raiffeisen Bank Internat. AG,1114412100,Europe/Amsterdam,CET,89e3f854-fa0f-3565-b07a-ed498156ab58,finmb_6950864,3600000,18.42,22.8,10.5,15.92,14.8,2.6,hold,15.0,46199001088,140.659,,34738999296,,,8581000192,,26.162,0.0124699995,0.12475,,-187000000,0.04,-0.054,,,0.54089,EUR,,http://investor.rbinternational.com/index.php?id=498&no_cache=1&L=1,0.62,,,1.0,8.0,5.0,6.0,5.0,1730419200.0,72000.0,218400.0,,,,,,,,,,52,11,48,65,8,34,46,8,38
SNGN Romgaz SA,SNG.RO,0.0,Oil & Gas E&P,4 Constantin I. Motas Square,,Medias,551130,53,8,30,54,8,39,44,10,37,Romania,40 37 440 1020,40 26 984 6901,https://www.romgaz.ro,oil-gas-e-p,Oil & Gas E&P,Energy,energy,Energy,"SNGN Romgaz SA explores for, produces, and supplies natural gas in Romania. It also engages in the geological research for the discovery of natural gas, crude oil, and condensed reserves; trading of mineral resources; underground storage of natural gas; and commissioning, intervention, and repairing of wells equipping the deposits, as well as the natural gas resources extraction wells. In addition, the company involved in the operation of well recompletion, and workover and special wells; electricity production and distribution through hydro, nuclear gas, and renewable sources; and transportation services. It had natural gas production of 4,788.5 million m3; and an installed capacity of 800 MW. SNGN Romgaz SA was founded in 1909 and is headquartered in Medias, Romania.",5948,"[{'maxAge': 1, 'name': 'Mr. Razvan  Popescu', 'title': 'Chief Executive Officer', 'exercisedValue': 0, 'unexercisedValue': 0}, {'maxAge': 1, 'name': 'Ms. Gabriela  Tranbitas', 'title': 'Chief Financial Officer', 'exercisedValue': 0, 'unexercisedValue': 0}, {'maxAge': 1, 'name': 'Mr. Marius Leonte Veza', 'title': 'Accounting Department Director', 'exercisedValue': 0, 'unexercisedValue': 0}, {'maxAge': 1, 'name': 'Mr. Gheorghe  Hategan', 'title': 'Technical Department Director', 'exercisedValue': 0, 'unexercisedValue': 0}, {'maxAge': 1, 'name': 'Ms. Manuela  Ogrinja CFA', 'title': 'Head of Investor Relations', 'exercisedValue': 0, 'unexercisedValue': 0}, {'maxAge': 1, 'name': 'Mr. Endre  Ioo', 'title': 'Legal Department Director', 'exercisedValue': 0, 'unexercisedValue': 0}, {'maxAge': 1, 'name': 'Marius Rares Grecu', 'title': 'Human Resources Director', 'exercisedValue': 0, 'unexercisedValue': 0}, {'maxAge': 1, 'name': 'Mr. Aristotel Marius Jude', 'age': 46, 'title': 'Deputy CEO & Executive Director', 'yearBorn': 1977, 'exercisedValue': 0, 'unexercisedValue': 0}, {'maxAge': 1, 'name': 'Robert Stelian Chirca', 'title': 'Exploration-Production Department Director', 'exercisedValue': 0, 'unexercisedValue': 0}, {'maxAge': 1, 'name': 'Mr. Viorel Claudiu Chertes', 'age': 54, 'title': 'Regulations Department Director', 'yearBorn': 1969, 'exercisedValue': 0, 'unexercisedValue': 0}]",,86400,2,5.33,5.34,5.33,5.37,5.33,5.34,5.33,5.37,0.34,0.0577,1720051200.0,0.5344,7.7,0.269,8.375,7.657143,1797752,1797752,317160,529903,529903,5.34,5.36,20658620416,4.61,6.38,2.5818434,5.4894,5.530975,0.014,0.0026266417,RON,19145816064,0.37039003,1156267200,3854220032,0.70007,0.00878,3882830080,3.327,1.6110611,1703980800,1735603200,1719705600,-0.173,2963682048,0.64,0.7,2.393,4.197,0.15268815,0.35905516,0.342,1688515200.0,BVB,EQUITY,SNG.RO,S.N.G.N Romgaz Medias,1384243200,Europe/Bucharest,EET,842af952-72a8-3f43-b57a-b6a21f7be8bc,finmb_22619373,7200000,5.36,6.61,4.76,5.64,5.7,3.0,hold,5.0,2499273984,0.648,4561533952.0,986449984,1.629,1.957,8001500160,7.692,2.076,0.16525999,0.25473,586517376.0,2565698048,-0.173,-0.183,0.98064005,0.57008,0.39981,RON,,,-0.33,10:1,1716854400.0,,,,,,,,,,,,,,,,,,53,8,30,54,8,39,44,10,37
S.P.E.E.H. Hidroelectrica S.A.,H2O.RO,0.0,Utilities - Renewable,15-17 Ion Mihalache Boulevard,District 1 Tower Center Building 10-15th floors,Bucharest,011171,61,8,38,46,10,40,43,11,46,Romania,40 21 303 2500,40 21 303 2564,https://www.hidroelectrica.ro,utilities-renewable,Utilities - Renewable,Utilities,utilities,Utilities,"S.P.E.E.H. Hidroelectrica S.A. generates and supplies green energy in Romania. The company operates 187 power plants with a hydroelectric capacity of 6.3 GW; and Crucea wind park with an installed capacity of 108 MW. The company was founded in 2000 and is based in Bucharest, Romania.",5193,"[{'maxAge': 1, 'name': 'Mr. Karoly  Borbely', 'age': 47, 'title': 'Chairman of the Management Board & CEO', 'yearBorn': 1976, 'exercisedValue': 0, 'unexercisedValue': 0}, {'maxAge': 1, 'name': 'Mr. Marian  FETIta', 'title': 'Member of the Management Board & CFO', 'exercisedValue': 0, 'unexercisedValue': 0}, {'maxAge': 1, 'name': 'Mr. Bogdan Nicolae Badea', 'title': 'Member of the Management Board &  Chief Investment Officer', 'exercisedValue': 0, 'unexercisedValue': 0}, {'maxAge': 1, 'name': 'Mr. Marian  Bratu', 'title': 'Member of Management Board', 'exercisedValue': 0, 'unexercisedValue': 0}, {'maxAge': 1, 'name': 'Mr. Radu-Ioan  Constantin', 'title': 'Chief Administrative Officer & Member of Management Board', 'exercisedValue': 0, 'unexercisedValue': 0}, {'maxAge': 1, 'name': 'Mr. Ianas  Radoi', 'title': 'Member of the Management Board & Chief Operating Officer', 'exercisedValue': 0, 'unexercisedValue': 0}, {'maxAge': 1, 'name': 'Gabriela  VASILESCU', 'title': 'Accounting Manager', 'exercisedValue': 0, 'unexercisedValue': 0}, {'maxAge': 1, 'name': 'Ionela  Stancu', 'title': 'Human Resources Director', 'exercisedValue': 0, 'unexercisedValue': 0}]",,86400,2,122.1,123.0,122.5,123.4,122.1,123.0,122.5,123.4,13.99,0.11359999,1717718400.0,,,,,12.258706,8018,8018,50163,124023,124023,122.6,123.0,55415730176,117.3,137.3,5.348188,122.926,126.7975,13.99,0.11457822,RON,53164380160,0.49310002,89699628,449803008,0.80056,0.01926,449803008,47.616,2.5873654,1703980800,1735603200,1719705600,-0.386,5109261824,,10.05,5.131,7.861,0.037037015,0.35905516,13.99,1717718400.0,BVB,EQUITY,H2O.RO,S.P.E.E.H. Hidroelectrica SA,1690268400,Europe/Bucharest,EET,0cd27d80-ac00-39cf-83d4-9502e6ad5dd5,finmb_26963274,7200000,123.2,137.0,95.0,121.31,125.0,3.2,hold,14.0,2662717952,5.92,6762915840.0,411420000,2.957,3.071,10361589760,1.921,23.036,0.14138,0.23979001,4645215744.0,6570382848,-0.388,-0.295,0.81192,0.65269,0.57982,RON,,,-0.92,,,,,,,,,,,,,,,,,,,,61,8,38,46,10,40,43,11,46
BRD - Groupe Société Générale S.A.,BRD.RO,0.0,Banks - Regional,BRD Tower,"1-7, Ion Mihalache Blvd Sector 1",Bucharest,011171,48,5,32,46,11,41,47,12,38,Romania,40 21 302 6161,,https://www.brd.ro,banks-regional,Banks - Regional,Financial Services,financial-services,Financial Services,"BRD - Groupe Société Générale S.A. provides a range of banking and financial services to corporates and individuals in Romania. It operates in Retail and Non-Retail segments. The company offers savings, deposits, and current accounts; term deposits; personal, housing, youth, refinancing, medical treatment, and agricultural loans; credit and debit cards; and transfers, investments, and insurance services. It also offers payroll, invoice collection, card processing, business cards, and cash collection services; global transaction banking; structured finance and corporate loans; mergers and acquisitions; treasury; and securities services, as well as engages in equity and debt capital market operations. In addition, the company provides internet and mobile banking, payments, receipt and collection, factoring and discounting, and custody and depository; letter of guarantee; financing; foreign exchange; online trading; risk management; and clearing services. The company was founded in 1990 and is headquartered in Bucharest, Romania. BRD - Groupe Société Générale S.A. operates as a subsidiary of Société Générale Société anonyme.",5870,"[{'maxAge': 1, 'name': 'Ms. Maria Koytcheva Rousseva', 'age': 51, 'title': 'CEO, Member of the Management Board & Director', 'yearBorn': 1972, 'exercisedValue': 0, 'unexercisedValue': 0}, {'maxAge': 1, 'name': 'Simona  Prodan', 'title': 'Finance Executive Director & CEO, Member of the Management Board', 'exercisedValue': 0, 'unexercisedValue': 0}, {'maxAge': 1, 'name': 'Mr. Alexandru-Claudiu  Cercel-Duca', 'age': 55, 'title': 'Deputy CEO of Financial Markets & Member of Management Board', 'yearBorn': 1968, 'exercisedValue': 0, 'unexercisedValue': 0}, {'maxAge': 1, 'name': 'Mr. Philippe Yves Henri Pierre Marie Thibaud', 'age': 55, 'title': 'Deputy CEO & Member of the Management Board', 'yearBorn': 1968, 'exercisedValue': 0, 'unexercisedValue': 0}, {'maxAge': 1, 'name': 'Ms. Madalina\x96Otilia  Teodorescu', 'age': 49, 'title': 'Deputy CEO of Retail & Member of the Management Board', 'yearBorn': 1974, 'exercisedValue': 0, 'unexercisedValue': 0}, {'maxAge': 1, 'name': 'Mr. Jean-Philippe  Guillaume', 'title': 'Deputy CEO & Member of Management Board', 'exercisedValue': 0, 'unexercisedValue': 0}, {'maxAge': 1, 'name': 'Ms. Alina  Sturzoiu', 'title': 'Incharge of Financial Communication', 'exercisedValue': 0, 'unexercisedValue': 0}, {'maxAge': 1, 'name': 'Mr. Mihaela  Burada', 'title': 'Communication Director', 'exercisedValue': 0, 'unexercisedValue': 0}, {'maxAge': 1, 'name': 'Ms. Flavia  Popa', 'title': 'Corporate Secretary', 'exercisedValue': 0, 'unexercisedValue': 0}]",,86400,2,19.12,19.08,18.82,19.46,19.12,19.08,18.82,19.46,1.17,0.062,1715817600.0,0.95989996,,0.754,8.669724,9.086538,184876,184876,47154,60925,60925,18.88,18.9,13171447808,16.54,22.85,3.3939736,20.4902,20.3343,0.923,0.048274055,RON,12646490112,0.39195,277575875,696902016,0.6745,0.12589,705014016,13.156,1.4366069,1703980800,1735603200,1727654400,-0.119,1521075968,2.18,2.08,3.259,,0.07508528,0.35905516,1.1725,1715817600.0,BVB,EQUITY,BRD.RO,BRD-GROUPE SOCIETE GENERALE BUC,979804800,Europe/Bucharest,EET,12d8565e-366c-3489-991c-9b60fcdf5200,finmb_9682790,7200000,18.9,22.14,15.5,18.54,18.35,3.0,hold,8.0,10105086976,14.5,,9531370496,,,3880834048,,5.569,0.018339999,0.16982001,,-7236189184,-0.119,-0.033,,,0.50213003,RON,,,,1:2,1122940800.0,,,,,,,,,,,,,,,,,,48,5,32,46,11,41,47,12,38
Rompetrol Rafinare S.A.,RRC.RO,0.0,Oil & Gas Refining & Marketing,Administrative Pavilion,215 Navodari Boulevard,Navodari,907500,55,11,37,55,7,37,52,10,49,Romania,40 24 150 6150,40 24 150 6930,https://rompetrol-rafinare.kmginternational.com,oil-gas-refining-marketing,Oil & Gas Refining & Marketing,Energy,energy,Energy,"Rompetrol Rafinare S.A., together with its subsidiaries, engages in refining, petrochemical, and downstream activities in Romania, Europe, Asia, and America. The company operates through two segments, Refining and Petrochemicals. It offers gasoline, diesel fuels, aviation fuel, fuel oil, liquefied petroleum gas, propane fuel, light and heavy liquid fuels, fuel gas, petroleum coke, propylene/propane-propylene mix, petroleum sulphur, ecological solvents, N-hexane, naphtha, aromatic extracts, white spirits and petrol, road and special bitumen, and polymer modified bitumen, as well as petrochemical products, such as polypropylene, and high- and low-density polyethylene. The company is also involved in the fuel storage and transportation, quality control, fuel and lubricant retail trade, electricity distribution, drinking water supply, and wastewater treatment activities. It exports its products. The company was formerly known as Petromidia. Rompetrol Rafinare S.A. was founded in 1979 and is headquartered in Navodari, Romania.",1895,"[{'maxAge': 1, 'name': 'Mr. Florian-Daniel  Pop', 'age': 45, 'title': 'General Manager', 'yearBorn': 1978, 'exercisedValue': 0, 'unexercisedValue': 0}, {'maxAge': 1, 'name': 'Mr. Alexandru  Stavarache', 'age': 43, 'title': 'Financial Manager', 'yearBorn': 1980, 'exercisedValue': 0, 'unexercisedValue': 0}, {'maxAge': 1, 'name': 'Alexandru Cornel Anton', 'title': 'Chief Accountant', 'exercisedValue': 0, 'unexercisedValue': 0}]",,86400,4,0.071,0.071,0.07,0.072,0.071,0.071,0.07,0.072,,,,,,0.388,,,68514,68514,99090,27240,27240,0.07,0.0725,1859143936,0.0675,0.087,0.50932807,0.07334,0.0770825,,,RON,2397607936,-0.07739,171798370,26559199232,0.99329,,26559199232,-0.032,,1703980800,1735603200,1719705600,,-282502144,-0.01,,0.657,19.369,-0.14634144,0.35905516,,,BVB,EQUITY,RRC.RO,ROMPETROL RAFINARE CONSTANTA,1081926000,Europe/Bucharest,EET,5610a730-f8d9-3d58-a4c5-0e417ec2983f,finmb_20358933,7200000,0.07,,,,,,none,,96471352,0.004,123786528.0,615660864,0.438,0.72,3650189312,276.669,0.137,0.0017200001,-0.77401,-56697064.0,7720722,,-0.329,0.08969,0.03391,-0.04153,USD,,,,0.602123:1,1638748800.0,,,,,,,,,,,,,,,,,,55,11,37,55,7,37,52,10,49
Digi Communications N.V.,DIGI.RO,0.0,Telecom Services,75 Dr. Nicolae Staicovici Street,"4th Floor 5th District Forum 2000 Building, Phase I",Bucharest,,53,7,42,49,10,40,55,6,40,Romania,40 31 400 6505,,https://www.digi-communications.ro,telecom-services,Telecom Services,Communication Services,communication-services,Communication Services,"Digi Communications N.V. provides telecommunication services in Romania, Spain, Italy, Portugal, and Belgium. It offers pay-TV, such as cable and direct to home television services, fixed internet and data, mobile telephony and data, and fixed-line telephony services, as well as mobile telecommunication and mobile internet services. It also acts as a mobile virtual network operator. The company was formerly known as Cable Communications Systems N.V. and changed its name to Digi Communications N.V. in April 2017. Digi Communications N.V. was founded in 1992 and is based in Bucharest, Romania.",20985,"[{'maxAge': 1, 'name': 'Mr. Serghei  Bulgac', 'age': 46, 'title': 'CEO & Executive Director', 'yearBorn': 1977, 'fiscalYear': 2023, 'totalPay': 370105, 'exercisedValue': 0, 'unexercisedValue': 0}, {'maxAge': 1, 'name': 'Mr. Valentin  Popoviciu', 'age': 48, 'title': 'Executive Director', 'yearBorn': 1975, 'fiscalYear': 2023, 'totalPay': 1153969, 'exercisedValue': 0, 'unexercisedValue': 0}, {'maxAge': 1, 'name': 'Mr. Dan  Ionita', 'age': 44, 'title': 'Chief Financial Officer', 'yearBorn': 1979, 'fiscalYear': 2023, 'exercisedValue': 0, 'unexercisedValue': 0}, {'maxAge': 1, 'name': 'Mr. Dragos  Chivu', 'age': 51, 'title': 'Managing Director of Digi Italy', 'yearBorn': 1972, 'fiscalYear': 2023, 'exercisedValue': 0, 'unexercisedValue': 0}, {'maxAge': 1, 'name': 'Catalin  Neagoe', 'age': 42, 'title': 'Deputy Chief Executive Officer of DIGI Spain', 'yearBorn': 1981, 'fiscalYear': 2023, 'exercisedValue': 0, 'unexercisedValue': 0}, {'maxAge': 1, 'name': 'Angel  Alvarez', 'age': 43, 'title': 'Chief Commercial Officer of DIGI Spain', 'yearBorn': 1980, 'fiscalYear': 2023, 'exercisedValue': 0, 'unexercisedValue': 0}, {'maxAge': 1, 'name': 'Ismael Serrano Casero', 'age': 47, 'title': 'Chief Technical Officer of DIGI Spain', 'yearBorn': 1976, 'fiscalYear': 2023, 'exercisedValue': 0, 'unexercisedValue': 0}, {'maxAge': 1, 'name': 'Carlos Sanz Tejedor', 'age': 50, 'title': 'Chief Financial Officer of DIGI Spain', 'yearBorn': 1973, 'fiscalYear': 2023, 'exercisedValue': 0, 'unexercisedValue': 0}, {'maxAge': 1, 'name': 'Carmen  Otelea', 'title': 'Company Secretary', 'fiscalYear': 2023, 'exercisedValue': 0, 'unexercisedValue': 0}, {'maxAge': 1, 'name': 'Ms. Eliza  Popa', 'title': 'Secretary of the Board', 'fiscalYear': 2023, 'exercisedValue': 0, 'unexercisedValue': 0}]",1703980800.0,86400,2,64.4,64.8,64.4,65.0,64.4,64.8,64.4,65.0,1.25,0.019299999,1719964800.0,0.4072,,0.499,11.660649,15.491606,12577,12577,14678,9828,9828,64.4,64.6,6150895616,39.0,69.8,3.3969917,65.928,59.816,0.251,0.0038975151,RON,8091820032,0.05855,33554670,35068400,,0.05309,96107800,7.444,8.67813,1703980800,1735603200,1719705600,0.66,106010000,5.54,4.17,4.469,16.659,0.62720406,0.35905516,1.25,1719964800.0,BVB,EQUITY,DIGI.RO,Digi Communications N.V.,1495522800,Europe/Bucharest,EET,084c29c7-2ec1-306e-93cd-4e7d4269715c,finmb_28224119,7200000,64.6,87.57,52.24,74.14,78.62,1.8,buy,6.0,127757000,1.341,485729984.0,1939452032,0.224,0.281,1810689024,231.985,19.01,0.039690003,0.16194001,-183694128.0,507980000,0.658,0.134,0.12473,0.26826,0.1164,EUR,,,0.08,,,,,,,,,,,,,,,,,,,,53,7,42,49,10,40,55,6,40
"Tesla, Inc.",TSLA,0.0450396825396825,Auto Manufacturers,1 Tesla Road,,Austin,78725,41,14,41,57,10,40,52,9,42,United States,512 516 8177,,https://www.tesla.com,auto-manufacturers,Auto Manufacturers,Consumer Cyclical,consumer-cyclical,Consumer Cyclical,"Tesla, Inc. designs, develops, manufactures, leases, and sells electric vehicles, and energy generation and storage systems in the United States, China, and internationally. The company operates in two segments, Automotive, and Energy Generation and Storage. The Automotive segment offers electric vehicles, as well as sells automotive regulatory credits; and non-warranty after-sales vehicle, used vehicles, body shop and parts, supercharging, retail merchandise, and vehicle insurance services. This segment also provides sedans and sport utility vehicles through direct and used vehicle sales, a network of Tesla Superchargers, and in-app upgrades; purchase financing and leasing services; services for electric vehicles through its company-owned service locations and Tesla mobile service technicians; and vehicle limited warranties and extended service plans. The Energy Generation and Storage segment engages in the design, manufacture, installation, sale, and leasing of solar energy generation and energy storage products, and related services to residential, commercial, and industrial customers and utilities through its website, stores, and galleries, as well as through a network of channel partners; and provision of service and repairs to its energy product customers, including under warranty, as well as various financing options to its solar customers. The company was formerly known as Tesla Motors, Inc. and changed its name to Tesla, Inc. in February 2017. Tesla, Inc. was incorporated in 2003 and is headquartered in Austin, Texas.",140473,"[{'maxAge': 1, 'name': 'Mr. Elon R. Musk', 'age': 51, 'title': 'Co-Founder, Technoking of Tesla, CEO & Director', 'yearBorn': 1972, 'fiscalYear': 2023, 'exercisedValue': 0, 'unexercisedValue': 0}, {'maxAge': 1, 'name': 'Mr. Vaibhav  Taneja', 'age': 45, 'title': 'Chief Financial Officer', 'yearBorn': 1978, 'fiscalYear': 2023, 'totalPay': 278000, 'exercisedValue': 8517957, 'unexercisedValue': 202075632}, {'maxAge': 1, 'name': 'Mr. Xiaotong  Zhu', 'age': 43, 'title': 'Senior Vice President of Automotive', 'yearBorn': 1980, 'fiscalYear': 2023, 'totalPay': 926877, 'exercisedValue': 0, 'unexercisedValue': 344144320}, {'maxAge': 1, 'name': 'Travis  Axelrod', 'title': 'Head of Investor Relations', 'fiscalYear': 2023, 'exercisedValue': 0, 'unexercisedValue': 0}, {'maxAge': 1, 'name': 'Brian  Scelfo', 'title': 'Senior Director of Corporate Development', 'fiscalYear': 2023, 'exercisedValue': 0, 'unexercisedValue': 0}, {'maxAge': 1, 'name': 'Mr. Franz  von Holzhausen', 'title': 'Chief Designer', 'fiscalYear': 2023, 'exercisedValue': 0, 'unexercisedValue': 0}, {'maxAge': 1, 'name': 'Mr. John  Walker', 'age': 60, 'title': 'Vice President of Sales - North America', 'yearBorn': 1963, 'fiscalYear': 2023, 'totalPay': 121550, 'exercisedValue': 0, 'unexercisedValue': 0}, {'maxAge': 1, 'name': 'Mr. Peter  Bannon', 'title': 'Chip Architect', 'fiscalYear': 2023, 'exercisedValue': 0, 'unexercisedValue': 0}, {'maxAge': 1, 'name': 'Mr. Turner  Caldwell', 'title': 'Engineering Manager', 'fiscalYear': 2023, 'exercisedValue': 0, 'unexercisedValue': 0}, {'maxAge': 1, 'name': 'Mr. Rodney D. Westmoreland Jr.', 'title': 'Director of Construction Management', 'fiscalYear': 2023, 'exercisedValue': 0, 'unexercisedValue': 0}]",1703980800.0,86400,2,296.91,299.16,297.66,328.7,296.91,299.16,297.66,328.7,,,,,,2.295,87.76502,99.141975,201778989,201778989,82602112,99050200,99050200,320.87,321.27,1031135494144,138.8,328.71,10.61385,241.1836,204.39815,,,USD,1011049365504,0.13075,2793105010,3210060032,0.12911999,0.46935,3210060032,21.806,14.730808,1703980800,1735603200,1727654400,0.169,12743000064,3.66,3.24,10.407,76.34,0.43587685,0.35905516,,,NMS,EQUITY,TSLA,"Tesla, Inc.",1277818200,America/New_York,EST,ec367bc4-f92c-397c-ac81-bf7b43cffaf7,finmb_27444752,-18000000,321.22,350.0,24.86,221.72,235.0,2.7,hold,45.0,33648001024,10.482,13244000256.0,12782999552,1.214,1.844,97150001152,18.078,30.457,0.04759,0.20389,676625024.0,14478999552,0.17,0.078,0.18229,0.13633001,0.107889995,USD,9.1594,,27.21,3:1,1661385600.0,7.0,9.0,10.0,9.0,10.0,1730419200.0,300.0,100.0,TX,79364249.0,77219507.0,1726185600.0,1728950400.0,0.0247,0.98,0.028399998,"Tesla, Inc.",41,14,41,57,10,40,52,9,42
Microsoft Corporation,MSFT,0.0666666666666666,Software - Infrastructure,One Microsoft Way,,Redmond,98052-6399,48,11,45,47,14,48,47,6,45,United States,425 882 8080,,https://www.microsoft.com,software-infrastructure,Software - Infrastructure,Technology,technology,Technology,"Microsoft Corporation develops and supports software, services, devices and solutions worldwide. The Productivity and Business Processes segment offers office, exchange, SharePoint, Microsoft Teams, office 365 Security and Compliance, Microsoft viva, and Microsoft 365 copilot; and office consumer services, such as Microsoft 365 consumer subscriptions, Office licensed on-premises, and other office services. This segment also provides LinkedIn; and dynamics business solutions, including Dynamics 365, a set of intelligent, cloud-based applications across ERP, CRM, power apps, and power automate; and on-premises ERP and CRM applications. The Intelligent Cloud segment offers server products and cloud services, such as azure and other cloud services; SQL and windows server, visual studio, system center, and related client access licenses, as well as nuance and GitHub; and enterprise services including enterprise support services, industry solutions, and nuance professional services. The More Personal Computing segment offers Windows, including windows OEM licensing and other non-volume licensing of the Windows operating system; Windows commercial comprising volume licensing of the Windows operating system, windows cloud services, and other Windows commercial offerings; patent licensing; and windows Internet of Things; and devices, such as surface, HoloLens, and PC accessories. Additionally, this segment provides gaming, which includes Xbox hardware and content, and first- and third-party content; Xbox game pass and other subscriptions, cloud gaming, advertising, third-party disc royalties, and other cloud services; and search and news advertising, which includes Bing, Microsoft News and Edge, and third-party affiliates. The company sells its products through OEMs, distributors, and resellers; and directly through digital marketplaces, online, and retail stores. The company was founded in 1975 and is headquartered in Redmond, Washington.",228000,"[{'maxAge': 1, 'name': 'Mr. Satya  Nadella', 'age': 56, 'title': 'Chairman & CEO', 'yearBorn': 1967, 'fiscalYear': 2024, 'totalPay': 7869791, 'exercisedValue': 0, 'unexercisedValue': 0}, {'maxAge': 1, 'name': 'Mr. Bradford L. Smith LCA', 'age': 64, 'title': 'President & Vice Chairman', 'yearBorn': 1959, 'fiscalYear': 2024, 'totalPay': 4755618, 'exercisedValue': 0, 'unexercisedValue': 0}, {'maxAge': 1, 'name': 'Ms. Amy E. Hood', 'age': 51, 'title': 'Executive VP & CFO', 'yearBorn': 1972, 'fiscalYear': 2024, 'totalPay': 4704250, 'exercisedValue': 0, 'unexercisedValue': 0}, {'maxAge': 1, 'name': 'Mr. Judson B. Althoff', 'age': 50, 'title': 'Executive VP & Chief Commercial Officer', 'yearBorn': 1973, 'fiscalYear': 2024, 'totalPay': 4534974, 'exercisedValue': 0, 'unexercisedValue': 0}, {'maxAge': 1, 'name': 'Mr. Christopher David Young', 'age': 51, 'title': 'Executive Vice President of Business Development, Strategy & Ventures', 'yearBorn': 1972, 'fiscalYear': 2024, 'totalPay': 2993772, 'exercisedValue': 0, 'unexercisedValue': 0}, {'maxAge': 1, 'name': 'Ms. Carolina  Dybeck Happe', 'age': 51, 'title': 'Executive VP & COO', 'yearBorn': 1972, 'fiscalYear': 2024, 'exercisedValue': 0, 'unexercisedValue': 0}, {'maxAge': 1, 'name': 'Ms. Alice L. Jolla', 'age': 57, 'title': 'Corporate VP & Chief Accounting Officer', 'yearBorn': 1966, 'fiscalYear': 2024, 'exercisedValue': 0, 'unexercisedValue': 0}, {'maxAge': 1, 'name': 'Mr. James Kevin Scott', 'age': 51, 'title': 'Executive VP of AI & CTO', 'yearBorn': 1972, 'fiscalYear': 2024, 'exercisedValue': 0, 'unexercisedValue': 0}, {'maxAge': 1, 'name': 'Mr. Brett  Iversen', 'title': 'Vice President of Investor Relations', 'fiscalYear': 2024, 'exercisedValue': 0, 'unexercisedValue': 0}, {'maxAge': 1, 'name': 'Mr. Hossein  Nowbar', 'title': 'Chief Legal Officer', 'fiscalYear': 2024, 'exercisedValue': 0, 'unexercisedValue': 0}]",1735603200.0,86400,2,425.43,425.396,421.78,426.5,425.43,425.396,421.78,426.5,3.32,0.007900001,1732147200.0,0.2477,0.88,0.904,34.834297,28.263546,16809546,16809546,18891451,24123440,24123440,403.94,422.95,3141534220288,362.9,468.35,12.359,421.092,421.2611,3.08,0.007239734,USD,3159943544832,0.35608003,7424694989,7434880000,0.00055,0.73837,7434880000,38.693,10.920321,1719705600,1751241600,1727654400,0.107,90511998976,12.13,14.95,12.431,23.141,0.15233994,0.35905516,0.75,1723680000.0,NMS,EQUITY,MSFT,Microsoft Corporation,511108200,America/New_York,EST,b004b3ec-de24-385e-b2c1-923f10d3fb62,finmb_21835,-18000000,422.54,600.0,425.0,497.6,497.7,1.7,buy,48.0,78429003776,10.549,136551997440.0,96838000640,1.163,1.301,254189993984,33.657,34.202,0.14592,0.35604,61280874496.0,122144997376,0.104,0.16,0.69348997,0.53720003,0.46583998,USD,2.234,http://www.microsoft.com/investor/default.aspx,2.34,2:1,1045526400.0,3.0,4.0,2.0,2.0,1.0,1730419200.0,100.0,200.0,WA,60313798.0,67500308.0,1726185600.0,1728950400.0,0.0081,3.26,0.0081,Microsoft Corporation,48,11,45,47,14,48,47,6,45
"Meta Platforms, Inc.",META,0.1661445897652793,Internet Content & Information,1 Meta Way,,Menlo Park,94025,53,5,47,47,12,39,51,17,38,United States,650 543 4800,,https://investor.fb.com,internet-content-information,Internet Content & Information,Communication Services,communication-services,Communication Services,"Meta Platforms, Inc. engages in the development of products that enable people to connect and share with friends and family through mobile devices, personal computers, virtual reality headsets, and wearables worldwide. It operates in two segments, Family of Apps and Reality Labs. The Family of Apps segment offers Facebook, which enables people to share, discuss, discover, and connect with interests; Instagram, a community for sharing photos, videos, and private messages, as well as feed, stories, reels, video, live, and shops; Messenger, a messaging application for people to connect with friends, family, communities, and businesses across platforms and devices through text, audio, and video calls; and WhatsApp, a messaging application that is used by people and businesses to communicate and transact privately. The Reality Labs segment provides augmented and virtual reality related products comprising consumer hardware, software, and content that help people feel connected, anytime, and anywhere. The company was formerly known as Facebook, Inc. and changed its name to Meta Platforms, Inc. in October 2021. The company was incorporated in 2004 and is headquartered in Menlo Park, California",72404,"[{'maxAge': 1, 'name': 'Mr. Mark Elliot Zuckerberg', 'age': 39, 'title': 'Founder, Chairman & CEO', 'yearBorn': 1984, 'fiscalYear': 2023, 'totalPay': 24399968, 'exercisedValue': 0, 'unexercisedValue': 0}, {'maxAge': 1, 'name': 'Ms. Susan J. S. Li', 'age': 37, 'title': 'Chief Financial Officer', 'yearBorn': 1986, 'fiscalYear': 2023, 'totalPay': 1963161, 'exercisedValue': 0, 'unexercisedValue': 0}, {'maxAge': 1, 'name': 'Mr. Javier  Olivan', 'age': 46, 'title': 'Chief Operating Officer', 'yearBorn': 1977, 'fiscalYear': 2023, 'totalPay': 4065442, 'exercisedValue': 0, 'unexercisedValue': 0}, {'maxAge': 1, 'name': 'Mr. Andrew  Bosworth', 'age': 41, 'title': 'Chief Technology Officer', 'yearBorn': 1982, 'fiscalYear': 2023, 'totalPay': 2000988, 'exercisedValue': 0, 'unexercisedValue': 0}, {'maxAge': 1, 'name': 'Mr. Christopher K. Cox', 'age': 40, 'title': 'Chief Product Officer', 'yearBorn': 1983, 'fiscalYear': 2023, 'totalPay': 2013913, 'exercisedValue': 0, 'unexercisedValue': 0}, {'maxAge': 1, 'name': 'Mr. Aaron A. Anderson', 'title': 'Chief Accounting Officer', 'fiscalYear': 2023, 'exercisedValue': 0, 'unexercisedValue': 0}, {'maxAge': 1, 'name': 'Mr. Atish  Banerjea', 'age': 57, 'title': 'Chief Information Officer', 'yearBorn': 1966, 'fiscalYear': 2023, 'exercisedValue': 0, 'unexercisedValue': 0}, {'maxAge': 1, 'name': 'Ms. Deborah T. Crawford', 'title': 'Vice President of Investor Relations', 'fiscalYear': 2023, 'exercisedValue': 0, 'unexercisedValue': 0}, {'maxAge': 1, 'name': 'Ms. Jennifer G. Newstead', 'age': 53, 'title': 'Chief Legal Officer', 'yearBorn': 1970, 'fiscalYear': 2023, 'totalPay': 3079624, 'exercisedValue': 0, 'unexercisedValue': 0}, {'maxAge': 1, 'name': 'Mr. Henry T. A. Moniz', 'age': 58, 'title': 'Chief Compliance Officer', 'yearBorn': 1965, 'fiscalYear': 2023, 'exercisedValue': 0, 'unexercisedValue': 0}]",1703980800.0,86400,2,591.7,591.49,584.55,593.1,591.7,591.49,584.55,593.1,2.0,0.0034,1726444800.0,0.0708,,1.215,27.851608,23.303282,9254890,9254890,11808803,15715310,15715310,561.26,589.55,1487782936576,313.66,602.95,9.523213,561.7832,506.60776,1.5,0.0025350684,USD,1465929039872,0.35549998,2175553728,2180000000,0.00169,0.79537004,2524489984,65.186,9.040899,1703980800,1735603200,1727654400,0.354,55538999296,21.16,25.29,9.383,18.507,0.7902731,0.35905516,0.5,1726444800.0,NMS,EQUITY,META,"Meta Platforms, Inc.",1337347800,America/New_York,EST,e59f1c4f-b1aa-3d70-a8c3-eb59ff3e461b,finmb_20765463,-18000000,589.34,811.0,260.0,639.93,650.0,1.8,buy,62.0,70899998720,28.085,79208996864.0,49046999040,2.568,2.732,156226994176,29.811,61.428,0.17188999,0.36134,39083376640.0,82744000512,0.374,0.189,0.81501,0.50701,0.42765,USD,0.9495,,1.54,,,9.0,10.0,10.0,10.0,10.0,1730419200.0,100.0,100.0,CA,31259402.0,32245792.0,1726185600.0,1728950400.0,0.0124,2.65,0.014400001,"Meta Platforms, Inc.",53,5,47,47,12,39,51,17,38
Apple Inc.,AAPL,0.0,Consumer Electronics,One Apple Park Way,,Cupertino,95014,44,11,41,53,8,44,43,13,40,United States,(408) 996-1010,,https://www.apple.com,consumer-electronics,Consumer Electronics,Technology,technology,Technology,"Apple Inc. designs, manufactures, and markets smartphones, personal computers, tablets, wearables, and accessories worldwide. The company offers iPhone, a line of smartphones; Mac, a line of personal computers; iPad, a line of multi-purpose tablets; and wearables, home, and accessories comprising AirPods, Apple TV, Apple Watch, Beats products, and HomePod. It also provides AppleCare support and cloud services; and operates various platforms, including the App Store that allow customers to discover and download applications and digital content, such as books, music, video, games, and podcasts, as well as advertising services include third-party licensing arrangements and its own advertising platforms. In addition, the company offers various subscription-based services, such as Apple Arcade, a game subscription service; Apple Fitness+, a personalized fitness service; Apple Music, which offers users a curated listening experience with on-demand radio stations; Apple News+, a subscription news and magazine service; Apple TV+, which offers exclusive original content; Apple Card, a co-branded credit card; and Apple Pay, a cashless payment service, as well as licenses its intellectual property. The company serves consumers, and small and mid-sized businesses; and the education, enterprise, and government markets. It distributes third-party applications for its products through the App Store. The company also sells its products through its retail and online stores, and direct sales force; and third-party cellular network carriers, wholesalers, retailers, and resellers. Apple Inc. was founded in 1976 and is headquartered in Cupertino, California.",164000,"[{'maxAge': 1, 'name': 'Mr. Timothy D. Cook', 'age': 62, 'title': 'CEO & Director', 'yearBorn': 1961, 'fiscalYear': 2023, 'totalPay': 16239562, 'exercisedValue': 0, 'unexercisedValue': 0}, {'maxAge': 1, 'name': 'Mr. Luca  Maestri', 'age': 60, 'title': 'CFO & Senior VP', 'yearBorn': 1963, 'fiscalYear': 2023, 'totalPay': 4612242, 'exercisedValue': 0, 'unexercisedValue': 0}, {'maxAge': 1, 'name': 'Mr. Jeffrey E. Williams', 'age': 59, 'title': 'Chief Operating Officer', 'yearBorn': 1964, 'fiscalYear': 2023, 'totalPay': 4637585, 'exercisedValue': 0, 'unexercisedValue': 0}, {'maxAge': 1, 'name': 'Ms. Katherine L. Adams', 'age': 59, 'title': 'Senior VP, General Counsel & Secretary', 'yearBorn': 1964, 'fiscalYear': 2023, 'totalPay': 4618064, 'exercisedValue': 0, 'unexercisedValue': 0}, {'maxAge': 1, 'name': ""Ms. Deirdre  O'Brien"", 'age': 56, 'title': 'Chief People Officer & Senior VP of Retail', 'yearBorn': 1967, 'fiscalYear': 2023, 'totalPay': 4613369, 'exercisedValue': 0, 'unexercisedValue': 0}, {'maxAge': 1, 'name': 'Mr. Chris  Kondo', 'title': 'Senior Director of Corporate Accounting', 'fiscalYear': 2023, 'exercisedValue': 0, 'unexercisedValue': 0}, {'maxAge': 1, 'name': 'Suhasini  Chandramouli', 'title': 'Director of Investor Relations', 'fiscalYear': 2023, 'exercisedValue': 0, 'unexercisedValue': 0}, {'maxAge': 1, 'name': 'Mr. Greg  Joswiak', 'title': 'Senior Vice President of Worldwide Marketing', 'fiscalYear': 2023, 'exercisedValue': 0, 'unexercisedValue': 0}, {'maxAge': 1, 'name': 'Mr. Adrian  Perica', 'age': 49, 'title': 'Head of Corporate Development', 'yearBorn': 1974, 'fiscalYear': 2023, 'exercisedValue': 0, 'unexercisedValue': 0}, {'maxAge': 1, 'name': 'Mr. Michael  Fenger', 'title': 'VP of Worldwide Sales', 'fiscalYear': 2023, 'exercisedValue': 0, 'unexercisedValue': 0}]",1703980800.0,86400,2,227.23,227.14,226.4084,228.66,227.23,227.14,226.4084,228.66,1.0,0.0044,1731024000.0,0.1612,0.63,1.24,37.32895,27.311672,37608324,37608324,47636335,45628530,45628530,226.93,238.53,3430681935872,164.08,237.49,8.773337,226.8196,202.91905,0.98,0.004312811,USD,3484575072256,0.23971,15091184209,15115799552,0.02718,0.61366004,15169599488,3.767,60.24954,1727481600,1759017600,1727481600,-0.358,93736001536,6.08,8.31,8.911,25.877,0.22813857,0.35905516,0.25,1731024000.0,NMS,EQUITY,AAPL,Apple Inc.,345479400,America/New_York,EST,8b10e4ae-9eeb-3684-921a-9ab27e4d87aa,finmb_24937,-18000000,226.96,300.0,183.86,240.07,242.89,2.1,buy,42.0,65171001344,4.311,134660997120.0,119058997248,0.745,0.867,391034994688,209.059,25.485,0.21464,1.5741299,110846001152.0,118254002176,-0.341,0.061,0.46206,0.34437,0.31171,USD,2.3497,http://investor.apple.com/,2.17,4:1,1598832000.0,6.0,1.0,2.0,1.0,1.0,1730419200.0,400.0,100.0,CA,140919653.0,130539888.0,1726185600.0,1728950400.0,0.0093,2.47,0.0093,Apple Inc.,44,11,41,53,8,44,43,13,40
Alphabet Inc.,GOOGL,0.1191071428571428,Internet Content & Information,1600 Amphitheatre Parkway,,Mountain View,94043,47,5,47,50,12,42,54,7,33,United States,650 253 0000,,https://abc.xyz,internet-content-information,Internet Content & Information,Communication Services,communication-services,Communication Services,"Alphabet Inc. offers various products and platforms in the United States, Europe, the Middle East, Africa, the Asia-Pacific, Canada, and Latin America. It operates through Google Services, Google Cloud, and Other Bets segments. The Google Services segment provides products and services, including ads, Android, Chrome, devices, Gmail, Google Drive, Google Maps, Google Photos, Google Play, Search, and YouTube. It is also involved in the sale of apps and in-app purchases and digital content in the Google Play and YouTube; and devices, as well as in the provision of YouTube consumer subscription services. The Google Cloud segment offers infrastructure, cybersecurity, databases, analytics, AI, and other services; Google Workspace that include cloud-based communication and collaboration tools for enterprises, such as Gmail, Docs, Drive, Calendar, and Meet; and other services for enterprise customers. The Other Bets segment sells healthcare-related and internet services. The company was incorporated in 1998 and is headquartered in Mountain View, California.",181269,"[{'maxAge': 1, 'name': 'Mr. Sundar  Pichai', 'age': 50, 'title': 'CEO & Director', 'yearBorn': 1973, 'fiscalYear': 2023, 'totalPay': 8802824, 'exercisedValue': 0, 'unexercisedValue': 0}, {'maxAge': 1, 'name': 'Ms. Ruth M. Porat', 'age': 65, 'title': 'President & Chief Investment Officer', 'yearBorn': 1958, 'fiscalYear': 2023, 'totalPay': 2515700, 'exercisedValue': 0, 'unexercisedValue': 0}, {'maxAge': 1, 'name': 'Dr. Lawrence Edward Page II', 'age': 50, 'title': 'Co-Founder & Director', 'yearBorn': 1973, 'fiscalYear': 2023, 'totalPay': 1, 'exercisedValue': 0, 'unexercisedValue': 0}, {'maxAge': 1, 'name': 'Mr. Sergey  Brin', 'age': 49, 'title': 'Co-Founder & Director', 'yearBorn': 1974, 'fiscalYear': 2023, 'totalPay': 1, 'exercisedValue': 0, 'unexercisedValue': 0}, {'maxAge': 1, 'name': 'Mr. J. Kent Walker', 'age': 62, 'title': 'President of Global Affairs, Chief Legal Officer & Company Secretary', 'yearBorn': 1961, 'fiscalYear': 2023, 'totalPay': 2511737, 'exercisedValue': 0, 'unexercisedValue': 0}, {'maxAge': 1, 'name': 'Dr. Prabhakar  Raghavan', 'age': 62, 'title': 'Senior Vice President of Knowledge and Information - Google', 'yearBorn': 1961, 'fiscalYear': 2023, 'totalPay': 2511737, 'exercisedValue': 0, 'unexercisedValue': 0}, {'maxAge': 1, 'name': 'Mr. Philipp  Schindler', 'age': 52, 'title': 'Senior Vice President & Chief Business Officer of Google', 'yearBorn': 1971, 'fiscalYear': 2023, 'totalPay': 2514032, 'exercisedValue': 0, 'unexercisedValue': 0}, {'maxAge': 1, 'name': 'Ms. Anat  Ashkenazi', 'age': 50, 'title': 'Senior VP & CFO', 'yearBorn': 1973, 'fiscalYear': 2023, 'exercisedValue': 0, 'unexercisedValue': 0}, {'maxAge': 1, 'name': ""Ms. Amie Thuener O'Toole"", 'age': 48, 'title': 'Chief Accounting Officer & VP', 'yearBorn': 1975, 'fiscalYear': 2023, 'exercisedValue': 0, 'unexercisedValue': 0}, {'maxAge': 1, 'name': 'Ms. Ellen  West', 'title': 'Vice President of Investor Relations', 'fiscalYear': 2023, 'exercisedValue': 0, 'unexercisedValue': 0}]",1703980800.0,86400,2,180.75,180.645,178.08,180.9,180.75,180.645,178.08,180.9,0.8,0.0045,1733702400.0,0.0531,,1.034,23.653847,19.905134,21970658,21970658,24525157,34052880,34052880,178.18,178.33,2191547039744,127.9,191.75,6.4484005,163.5436,162.54124,0.4,0.0022130015,USD,2119241302016,0.27738002,10916891030,5842999808,0.0025,0.81251997,12287899648,25.613,6.9632607,1703980800,1735603200,1727654400,0.336,94268997632,7.54,8.96,6.236,17.164,0.3502158,0.35905516,0.2,1725840000.0,NMS,EQUITY,GOOGL,Alphabet Inc.,1092922200,America/New_York,EST,e15ce71f-f533-3912-9f11-a46c09e2412b,finmb_29096,-18000000,178.35,241.58,173.93,206.78,210.0,1.9,buy,51.0,93229998080,7.616,123469996032.0,29289000960,1.761,1.95,339859013632,9.324,27.443,0.16483,0.32101002,41104498688.0,105101000704,0.366,0.151,0.58127,0.36330003,0.32312,USD,1.1083,,1.03,20:1,1658102400.0,9.0,8.0,10.0,10.0,10.0,1730419200.0,100.0,100.0,CA,68512841.0,79576572.0,1726185600.0,1728950400.0,0.0056,3.11,0.0117,Alphabet Inc.,47,5,47,50,12,42,54,7,33
"Amazon.com, Inc.",AMZN,0.114699074074074,Internet Retail,410 Terry Avenue North,,Seattle,98109-5210,44,11,39,49,10,41,47,7,43,United States,206 266 1000,,https://www.aboutamazon.com,internet-retail,Internet Retail,Consumer Cyclical,consumer-cyclical,Consumer Cyclical,"Amazon.com, Inc. engages in the retail sale of consumer products, advertising, and subscriptions service through online and physical stores in North America and internationally. The company operates through three segments: North America, International, and Amazon Web Services (AWS). It also manufactures and sells electronic devices, including Kindle, Fire tablets, Fire TVs, Echo, Ring, Blink, and eero; and develops and produces media content. In addition, the company offers programs that enable sellers to sell their products in its stores; and programs that allow authors, independent publishers, musicians, filmmakers, Twitch streamers, skill and app developers, and others to publish and sell content. Further, it provides compute, storage, database, analytics, machine learning, and other services, as well as advertising services through programs, such as sponsored ads, display, and video advertising. Additionally, the company offers Amazon Prime, a membership program. The company's products offered through its stores include merchandise and content purchased for resale and products offered by third-party sellers. It serves consumers, sellers, developers, enterprises, content creators, advertisers, and employees. Amazon.com, Inc. was incorporated in 1994 and is headquartered in Seattle, Washington.",1551000,"[{'maxAge': 1, 'name': 'Mr. Jeffrey P. Bezos', 'age': 59, 'title': 'Founder & Executive Chairman', 'yearBorn': 1964, 'fiscalYear': 2023, 'totalPay': 1681840, 'exercisedValue': 0, 'unexercisedValue': 0}, {'maxAge': 1, 'name': 'Mr. Andrew R. Jassy', 'age': 55, 'title': 'President, CEO & Director', 'yearBorn': 1968, 'fiscalYear': 2023, 'totalPay': 1722764, 'exercisedValue': 0, 'unexercisedValue': 0}, {'maxAge': 1, 'name': 'Mr. Brian T. Olsavsky', 'age': 59, 'title': 'Senior VP & CFO', 'yearBorn': 1964, 'fiscalYear': 2023, 'totalPay': 371600, 'exercisedValue': 0, 'unexercisedValue': 0}, {'maxAge': 1, 'name': 'Mr. David A. Zapolsky', 'age': 59, 'title': 'Senior VP of Global Public Policy & General Counsel', 'yearBorn': 1964, 'fiscalYear': 2023, 'totalPay': 371600, 'exercisedValue': 0, 'unexercisedValue': 0}, {'maxAge': 1, 'name': 'Mr. Douglas J. Herrington', 'age': 56, 'title': 'Chief Executive Officer of Worldwide Amazon Stores', 'yearBorn': 1967, 'fiscalYear': 2023, 'totalPay': 394231, 'exercisedValue': 0, 'unexercisedValue': 0}, {'maxAge': 1, 'name': 'Ms. Shelley L. Reynolds', 'age': 58, 'title': 'VP, Worldwide Controller & Principal Accounting Officer', 'yearBorn': 1965, 'fiscalYear': 2023, 'totalPay': 163200, 'exercisedValue': 0, 'unexercisedValue': 0}, {'maxAge': 1, 'name': 'Dr. Werner  Vogels', 'title': 'Chief Technology Officer', 'fiscalYear': 2023, 'exercisedValue': 0, 'unexercisedValue': 0}, {'maxAge': 1, 'name': 'Mr. Dave  Fildes', 'title': 'Director of Investor Relations', 'fiscalYear': 2023, 'exercisedValue': 0, 'unexercisedValue': 0}, {'maxAge': 1, 'name': 'Ms. Anuradha  Aggarwal', 'title': 'CMO & Director of User Growth', 'fiscalYear': 2023, 'exercisedValue': 0, 'unexercisedValue': 0}, {'maxAge': 1, 'name': 'Ms. Beth  Galetti M.B.A.', 'title': 'Senior Vice President of Worldwide Human Resources', 'fiscalYear': 2023, 'exercisedValue': 0, 'unexercisedValue': 0}]",1703980800.0,86400,2,210.05,209.755,207.44,209.9633,210.05,209.755,207.44,209.9633,,,,,,1.146,44.482906,33.905537,35865497,35865497,36179309,50642930,50642930,199.17,208.4,2189012631552,139.52,212.25,3.5299368,187.831,181.787,,,USD,2259499089920,0.080419995,9380756771,10515000320,0.08962,0.64408,10515000320,24.655,8.443723,1703980800,1735603200,1727654400,0.552,49868001280,4.68,6.14,3.644,20.249,0.45999014,0.35905516,,,NMS,EQUITY,AMZN,"Amazon.com, Inc.",863703000,America/New_York,EST,261fd26b-0151-3813-b0d0-97e4ed4c6505,finmb_18749,-18000000,208.18,285.0,180.0,230.76,230.0,1.8,buy,63.0,88050999296,8.374,111583002624.0,158534991872,0.827,1.089,620127977472,61.175,59.486,0.07069,0.22558,54328250368.0,112706002944,0.521,0.11,0.48406,0.17994,0.109589994,USD,1.7373,http://phx.corporate-ir.net/phoenix.zhtml?c=97664&p=irol-irhome,1.24,20:1,1654473600.0,5.0,10.0,10.0,3.0,9.0,1730419200.0,100.0,300.0,WA,83924197.0,83843599.0,1726185600.0,1728950400.0,0.008,2.36,0.0089,"Amazon.com, Inc.",44,11,39,49,10,41,47,7,43
